condition,coef,intercept,rmse,mae,fit_time
0,2.0329604582152827,4.845420691732126,0.49895103735189367,0.3975721480611833,0.004924726999888662
1,2.0659209164305667,4.690841383464253,0.997902074703787,0.7951442961223668,0.00014940300025045872
2,4.999461574406066,-0.10897111620737121,2.1681564227565806,1.815612599336817,8.386499985135742e-05
3,5.032422032621351,-0.2635504244752438,2.340028872675653,1.900410499651587,7.831699986127205e-05
